"0x59ba90","Weapon 1","Weapon 2","Hit Modifier","Might Modifier"
"Sword -> Lance","0x0","0x1","-30","-3"
"Sword -> Axe","0x0","0x2","30","3"
"Lance -> Axe","0x1","0x2","-30","-3"
"Lance -> Sword","0x1","0x0","30","3"
"Axe -> Sword","0x2","0x0","-30","-3"
"Axe -> Lance","0x2","0x1","30","3"
"Anima -> Dark","0x5","0x7","-30","-3"
"Anima -> Light","0x5","0x6","30","3"
"Light -> Anima","0x6","0x5","-30","-3"
"Light -> Dark","0x6","0x7","30","3"
"Dark -> Light","0x7","0x6","-30","-3"
"Dark -> Anima","0x7","0x5","30","3"
