INLINE NewPromotionBranchTable,Class 1,Class 2
None,0x0,0x0
01 Lord,0x3,0x0
02 Lord,0x4,0x0
03 Great Lord,0x0,0x0
04 Great Lord,0x0,0x0
05 Cavalier,0x7,0x0
06 Cavalier,0x8,0x0
07 Paladin,0x0,0x0
08 Paladin,0x0,0x0
09 Knight,0xb,0x0
0A Knight,0xc,0x0
0B General,0x0,0x0
0C General,0x0,0x0
0D Thief,0x33,0x0
0E Manakete,0x0,0x0
0F Mercenary,0x11,0x0
10 Mercenary,0x12,0x0
11 Hero,0x0,0x0
12 Hero,0x0,0x0
13 Myrmidon,0x15,0x0
14 Myrmidon,0x16,0x0
15 Swordmaster,0x0,0x0
16 Swordmaster,0x82,0x0
17 Assassin,0x0,0x0
18 Assassin,0x0,0x0
19 Archer,0x1b,0x0
1A Archer,0x1c,0x0
1B Sniper,0x0,0x0
1C Sniper,0x0,0x0
1D Ranger,0x0,0x0
1E Ranger,0x0,0x0
1F Wyvern Rider,0x21,0x0
20 Wyvern Rider,0x22,0x0
21 Wyvern Lord,0x0,0x0
22 Wyvern Lord,0x0,0x0
23 Wyvern Kn.,0x0,0x0
24 Wyvern Kn.,0x0,0x0
25 Mage,0x27,0x0
26 Mage,0x28,0x0
27 Sage,0x0,0x0
28 Sage,0x0,0x0
29 Mage Knight,0x0,0x0
2A Mage Knight,0x0,0x0
2B Bishop,0x0,0x0
2C Bishop,0x0,0x0
2D Shaman,0x2f,0x0
2E Shaman,0x2f,0x0
2F Druid,0x0,0x0
30 Druid,0x0,0x0
31 Summoner,0x0,0x0
32 Summoner,0x0,0x0
33 Rogue,0x0,0x0
34 Gorgon Egg,0x61,0x0
35 Great Knight,0x0,0x0
36 Great Knight,0x0,0x0
37 Recruit,0x8,0x3a
38 Journeyman,0x0,0x0
39 Pupil,0x0,0x0
3A Recruit,0x0,0x0
3B Manakete,0x0,0x0
3C Manakete,0x0,0x0
3D Journeyman,0x3f,0x42
3E Pupil,0x25,0x2d
3F Fighter,0x40,0x0
40 Warrior,0x0,0x0
41 Brigand,0x43,0x0
42 Pirate,0x43,0x0
43 Berserker,0x0,0x0
44 Monk,0x2b,0x27
45 Priest,0x2b,0x0
46 Bard,0x0,0x0
47 Recruit,0xa,0x6
48 Pegasus Kn.,0x49,0x0
49 Falcoknight,0x0,0x0
4A Cleric,0x4c,0x0
4B Troubadour,0x4c,0x0
4C Valkyrie,0x0,0x0
4D Dancer,0x0,0x0
4E Soldier,0x0,0x0
4F Necromancer,0x0,0x0
50 Fleet,0x0,0x0
51 Phantom,0x0,0x0
52 Revenant,0x53,0x0
53 Entombed,0x0,0x0
54 Bonewalker,0x56,0x0
55 Bonewalker,0x57,0x0
56 Wight,0x0,0x0
57 Wight,0x0,0x0
58 Bael,0x59,0x0
59 Elder Bael,0x0,0x0
5A Cyclops,0x0,0x0
5B Mauthe Doog,0x5c,0x0
5C Gwyllgi,0x0,0x0
5D Tarvos,0x5e,0x0
5E Maelduin,0x0,0x0
5F Mogall,0x60,0x0
60 Arch Mogall,0x0,0x0
61 Gorgon,0x0,0x0
62 Gorgon Egg,0x61,0x0
63 Gargoyle,0x64,0x0
64 Deathgoyle,0x0,0x0
65 Draco Zombie,0x0,0x0
66 Demon King,0x0,0x0
67,0x0,0x0
68,0x0,0x0
69,0x0,0x0
6A,0x0,0x0
6B,0x0,0x0
6C,0x0,0x0
6D Civilian,0x0,0x0
6E Civilian,0x0,0x0
6F Civilian,0x0,0x0
70 Civilian,0x0,0x0
71 Civilian,0x0,0x0
72 Civilian,0x0,0x0
73,0x0,0x0
74 Queen,0x0,0x0
75,0x0,0x0
76 Queen,0x0,0x0
77,0x0,0x0
78,0x0,0x0
79,0x0,0x0
7A Pontifex,0x0,0x0
7B,0x0,0x0
7C Cyclops,0x0,0x0
7D Elder Bael,0x0,0x0
7E Journeyman,0x11,0x38
7F Pupil,0x27,0x39
0x80,0x0,0x0
0x81,0x0,0x0
0x82,0x0,0x0
0x83,0x0,0x0
0x84,0x0,0x0
0x85,0x0,0x0
0x86,0x0,0x0
0x87,0x0,0x0
0x88,0x0,0x0
0x89,0x0,0x0
0x8a,0x0,0x0
0x8b,0x0,0x0
0x8c,0x0,0x0
0x8d,0x0,0x0
0x8e,0x0,0x0
0x8f,0x0,0x0
0x90,0x0,0x0
0x91,0x0,0x0
0x92,0x0,0x0
0x93,0x0,0x0
0x94,0x0,0x0
0x95,0x0,0x0
0x96,0x0,0x0
0x97,0x0,0x0
0x98,0x0,0x0
0x99,0x0,0x0
0x9a,0x0,0x0
0x9b,0x0,0x0
0x9c,0x0,0x0
0x9d,0x0,0x0
0x9e,0x0,0x0
0x9f,0x0,0x0
0xa0,0x0,0x0
0xa1,0x0,0x0
0xa2,0x0,0x0
0xa3,0x0,0x0
0xa4,0x0,0x0
0xa5,0x0,0x0
0xa6,0x0,0x0
0xa7,0x0,0x0
0xa8,0x0,0x0
0xa9,0x0,0x0
0xaa,0x0,0x0
0xab,0x0,0x0
0xac,0x0,0x0
0xad,0x0,0x0
0xae,0x0,0x0
0xaf,0x0,0x0
0xb0,0x0,0x0
0xb1,0x0,0x0
0xb2,0x0,0x0
0xb3,0x0,0x0
0xb4,0x0,0x0
0xb5,0x0,0x0
0xb6,0x0,0x0
0xb7,0x0,0x0
0xb8,0x0,0x0
0xb9,0x0,0x0
0xba,0x0,0x0
0xbb,0x0,0x0
0xbc,0x0,0x0
0xbd,0x0,0x0
0xbe,0x0,0x0
0xbf,0x0,0x0
0xc0,0x0,0x0
0xc1,0x0,0x0
0xc2,0x0,0x0
0xc3,0x0,0x0
0xc4,0x0,0x0
0xc5,0x0,0x0
0xc6,0x0,0x0
0xc7,0x0,0x0
0xc8,0x0,0x0
0xc9,0x0,0x0
0xca,0x0,0x0
0xcb,0x0,0x0
0xcc,0x0,0x0
0xcd,0x0,0x0
0xce,0x0,0x0
0xcf,0x0,0x0
0xd0,0x0,0x0
0xd1,0x0,0x0
0xd2,0x0,0x0
0xd3,0x0,0x0
0xd4,0x0,0x0
0xd5,0x0,0x0
0xd6,0x0,0x0
0xd7,0x0,0x0
0xd8,0x0,0x0
0xd9,0x0,0x0
0xda,0x0,0x0
0xdb,0x0,0x0
0xdc,0x0,0x0
0xdd,0x0,0x0
0xde,0x0,0x0
0xdf,0x0,0x0
0xe0,0x0,0x0
0xe1,0x0,0x0
0xe2,0x0,0x0
0xe3,0x0,0x0
0xe4,0x0,0x0
0xe5,0x0,0x0
0xe6,0x0,0x0
0xe7,0x0,0x0
0xe8,0x0,0x0
0xe9,0x0,0x0
0xea,0x0,0x0
0xeb,0x0,0x0
0xec,0x0,0x0
0xed,0x0,0x0
0xee,0x0,0x0
0xef,0x0,0x0
0xf0,0x0,0x0
0xf1,0x0,0x0
0xf2,0x0,0x0
0xf3,0x0,0x0
0xf4,0x0,0x0
0xf5,0x0,0x0
0xf6,0x0,0x0
0xf7,0x0,0x0
0xf8,0x0,0x0
0xf9,0x0,0x0
0xfa,0x0,0x0
0xfb,0x0,0x0
0xfc,0x0,0x0
0xfd,0x0,0x0
0xfe,0x0,0x0
0xff,0x0,0x0